{"goml":[{"_tag":"<% index=\"0\" type=\"file\" title=\"360画像\" default=\"/share/Mitsuhide/img/sky.png\" %>","_returned":"360img.jpg","index":"0","type":"file","title":"360画像","default":"/share/Mitsuhide/img/sky.png","_ext":"goml","value":"asset/360img.jpg"},{"_tag":"<% index=\"1\" type=\"text\" title=\"空中テキスト\" %>","_returned":"asdffg","index":"1","type":"text","title":"空中テキスト","_ext":"goml","value":"asdffg"},{"_tag":"<% index=\"2\" type=\"color\" title=\"文字の色\" %>","_returned":"#fe9200","index":"2","type":"color","title":"文字の色","_ext":"goml","value":"#fe9200"},{"_tag":"<% index=\"5\" type=\"folder\" title=\"3Dモデル\" default=\"/share/milbox/九十九みる/TsukumoMil_mmd.pmx\" %>","_returned":"","index":"5","type":"folder","title":"3Dモデル","default":"/share/milbox/九十九みる/TsukumoMil_mmd.pmx","_ext":"goml"},{"_tag":"<% index=\"6\" type=\"file\" title=\"motion\" %>","_returned":"","index":"6","type":"file","title":"motion","_ext":"goml"}],"html":[],"css":[],"js":[]}