{"goml":[{"_tag":"<% index=\"0\" type=\"file\" title=\"360画像\" default=\"/share/Mitsuhide/img/sky.png\" %>","_returned":"R0010232.JPG","index":"0","type":"file","title":"360画像","default":"/share/Mitsuhide/img/sky.png","_ext":"goml","value":"asset/R0010232.JPG"},{"_tag":"<% index=\"1\" type=\"text\" title=\"空中テキスト\" %>","_returned":"AMATELUS!","index":"1","type":"text","title":"空中テキスト","_ext":"goml","value":"AMATELUS!"},{"_tag":"<% index=\"2\" type=\"color\" title=\"文字の色\" %>","_returned":"#f44e3b","index":"2","type":"color","title":"文字の色","_ext":"goml","value":"#f44e3b"},{"_tag":"<% index=\"5\" type=\"folder\" title=\"3Dモデル\" default=\"/share/milbox/九十九みる/TsukumoMil_mmd.pmx\" %>","_returned":"Tda/Miku.pmx","index":"5","type":"folder","title":"3Dモデル","default":"/share/milbox/九十九みる/TsukumoMil_mmd.pmx","_ext":"goml","value":"asset/Tda/Miku.pmx"},{"_tag":"<% index=\"6\" type=\"file\" title=\"モーション\" %>","_returned":"world.vmd","index":"6","type":"file","title":"モーション","_ext":"goml","value":"asset/world.vmd"}],"html":[],"css":[],"js":[]}