{"goml":[{"_tag":"<% index=\"0\" type=\"file\" title=\"360度画像\" %>","_returned":"1img.jpg","index":"0","type":"file","title":"360度画像","_ext":"goml","value":"asset/1img.jpg"},{"_tag":"<% index=\"1\" type=\"color\" title=\"STLモデルの色\" %>","_returned":"#dbdf00","index":"1","type":"color","title":"STLモデルの色","_ext":"goml","value":"#dbdf00"},{"_tag":"<% index=\"2\" type=\"file\" title=\"STLモデルデータ\" %>","_returned":"voyager.stl","index":"2","type":"file","title":"STLモデルデータ","_ext":"goml","value":"asset/voyager.stl"}],"html":[],"css":[],"js":[]}