{"goml":[{"_tag":"<% index=\"0\" type=\"file\" title=\"360度画像\" %>","_returned":"360img.jpg","index":"0","type":"file","title":"360度画像","_ext":"goml","value":"asset/360img.jpg"},{"_tag":"<% index=\"1\" type=\"color\" title=\"STLモデルの色\" %>","_returned":"#d33115","index":"1","type":"color","title":"STLモデルの色","_ext":"goml","value":"#d33115"},{"_tag":"<% index=\"2\" type=\"file\" title=\"STLモデルデータ\" %>","_returned":"juno.stl","index":"2","type":"file","title":"STLモデルデータ","_ext":"goml","value":"asset/juno.stl"}],"html":[],"css":[],"js":[]}