{"goml":[{"_tag":"<% index=\"0\" type=\"file\" title=\"360画像\" default=\"/share/Mitsuhide/img/sky.png\" %>","_returned":"360img.jpg","index":"0","type":"file","title":"360画像","default":"/share/Mitsuhide/img/sky.png","_ext":"goml","value":"asset/360img.jpg"},{"_tag":"<% index=\"1\" type=\"text\" title=\"空中テキスト\" %>","_returned":"未来2016","index":"1","type":"text","title":"空中テキスト","_ext":"goml","value":"未来2016"},{"_tag":"<% index=\"2\" type=\"color\" title=\"文字の色\" %>","_returned":"#68bc00","index":"2","type":"color","title":"文字の色","_ext":"goml","value":"#68bc00"},{"_tag":"<% index=\"5\" type=\"folder\" title=\"3Dモデル\" default=\"/share/milbox/九十九みる/TsukumoMil_mmd.pmx\" %>","_returned":"milbox/TsukumoMil_mmd.pmx","index":"5","type":"folder","title":"3Dモデル","default":"/share/milbox/九十九みる/TsukumoMil_mmd.pmx","_ext":"goml","value":"asset/milbox/TsukumoMil_mmd.pmx"},{"_tag":"<% index=\"6\" type=\"file\" title=\"モーション\" %>","_returned":"world.vmd","index":"6","type":"file","title":"モーション","_ext":"goml","value":"asset/world.vmd"}],"html":[],"css":[],"js":[]}